Kota,Tanggal,Link
Jakarta Barat,2008/02/01,https://news.detik.com/berita/d-888218/korban-banjir-jakarta-79-796-jiwa
Jakarta Timur,2008/01/02,https://news.detik.com/berita/d-873588/santa-maria-izinkan-warga-kp-melayu-ngungsi-hingga-5-januari
Jakarta Utara,2008/01/03,https://news.detik.com/berita/d-874049/ancol-banjir-sepaha-angkot-mogok
Jakarta Selatan,2008/01/02,https://news.detik.com/berita/d-873412/banjir-setinggi-hingga-50-cm-genangi-wilayah-jaksel
Depok,2008/01/01,https://news.detik.com/berita/d-873816/banjir-jakarta-berlanjut-kamis
Jakarta Timur,2008/02/01,https://news.detik.com/berita/d-888218/korban-banjir-jakarta-79-796-jiwa
Jakarta Utara,2008/02/01,https://news.detik.com/berita/d-888218/korban-banjir-jakarta-79-796-jiwa
Jakarta Selatan,2008/02/01,https://news.detik.com/berita/d-888218/korban-banjir-jakarta-79-796-jiwa
Jakarta Pusat,2008/02/01,https://news.detik.com/berita/d-888218/korban-banjir-jakarta-79-796-jiwa
Jakarta Timur,2008/02/27,https://pusatkrisis.kemkes.go.id/banjir-di-jakarta-timur
Jakarta Selatan,2008/02/08,https://www.liputan6.com/news/read/137139/banjir-lagi-jakarta-macet-lagi
Jakarta Utara,2008/02/06,https://news.detik.com/berita/d-889744/waspadai-4-titik-genangan-air-di-jakarta
Jakarta Timur,2008/02/06,https://news.detik.com/berita/d-889744/waspadai-4-titik-genangan-air-di-jakarta
Jakarta Selatan,2008/02/06,https://news.detik.com/berita/d-889744/waspadai-4-titik-genangan-air-di-jakarta
Jakarta Pusat,2008/02/03,https://www.antarafoto.com/id/view/25632/banjir-jakarta
Tangerang,2008/02/01,https://news.detik.com/berita/d-888398/ratusan-warga-demo-ruko-taman-royal-tuding-penyebab-banjir
Jakarta Timur,2008/03/12,https://news.detik.com/berita/d-907793/banjir-selutut-aktivitas-warga-kampung-pulo-tetap-normal
Jakarta Timur,2008/03/13,https://news.detik.com/berita/d-907793/banjir-selutut-aktivitas-warga-kampung-pulo-tetap-normal
Jakarta Timur,2008/03/07,https://www.antarafoto.com/id/view/27984/banjir-kiriman
Jakarta Barat,2008/04/21,https://news.detik.com/suara-pembaca/d-927064/banjir-warga-mohon-bantuan-management-city-citra-garden
Jakarta Selatan,2008/04/08,https://news.detik.com/berita/d-920243/hujan-sejenak-perempatan-pejaten-banjir-selutut
Jakarta Selatan,2008/04/17,https://www.datatempo.co/foto/detail/P1804200800122/banjir-di-perumahan-ikpn-bintaro
Bekasi,2008/04/16,https://news.detik.com/berita/d-924176/kali-meluap-kemang-pratama-bekasi-kebanjiran
Jakarta Barat,2008/05/08,https://news.detik.com/berita/d-936193/pengusaha-atk-rugi-rp-300-juta
Jakarta Barat,2008/05/09,https://news.detik.com/berita/d-936671/tanggul-tol-sedyatmo-ditutup-bambu-dan-tanah
Jakarta Timur,2008/11/10,https://news.detik.com/berita/d-1034430/kulkas-musuh-warga-kampung-pulo-saat-banjir
Jakarta Utara,2008/11/16,https://www.datatempo.co/foto/detail/P1811200800076/banjir-akibat-air-laut-pasang-di-muara-baru-jakarta-utara
Jakarta Selatan,2008/11/11,https://news.detik.com/berita/d-1035192/siswi-smk-tarakanita-pulang-sekolah-naik-perahu-karet
Depok,2008/11/02,https://news.detik.com/berita/d-1029887/hujan-angin-di-depok-perumahan-jatijajar-banjir-selutut
Tangerang,2009/01/14,https://pusatkrisis.kemkes.go.id/banjir-melanda-beberapa-wilayah-di-indonesia
Jakarta Utara,2009/01/11,https://pusatkrisis.kemkes.go.id/banjir-melanda-beberapa-wilayah-di-indonesia
Jakarta Timur,2009/01/13,https://pusatkrisis.kemkes.go.id/banjir-melanda-beberapa-wilayah-di-indonesia
Jakarta Barat,2009/01/13,https://pusatkrisis.kemkes.go.id/banjir-melanda-beberapa-wilayah-di-indonesia
Jakarta Selatan,2009/01/14,https://pusatkrisis.kemkes.go.id/banjir-melanda-beberapa-wilayah-di-indonesia
Jakarta Pusat,2009/01/14,https://pusatkrisis.kemkes.go.id/banjir-melanda-beberapa-wilayah-di-indonesia
Jakarta Timur,2009/01/14,https://news.detik.com/berita/d-1068851/gangguan-kesehatan-mulai-jangkiti-korban-banjir
Jakarta Timur,2009/01/15,https://news.detik.com/berita/d-1068851/gangguan-kesehatan-mulai-jangkiti-korban-banjir
Jakarta Utara,2009/01/19,https://news.detik.com/berita/d-1070731/ruko-hanya-buka-setengah-hari
Jakarta Selatan,2009/01/13,https://news.detik.com/berita/d-1067916/6-rt-di-pancoran-kebanjiran-warga-sibuk-pindahkan-barang
Jakarta Pusat,2009/01/15,https://news.detik.com/berita/d-1069010/petamburan-ii-banjir-1-m-mayoritas-warga-belum-ngungsi
Bogor,2009/01/18,"https://jelajah.kompas.id/ekspedisi-ciliwung-2009/baca/katulampa-pun-banjir-kawasan-puncak-rusak-banyak-pohon-tumbang/#:~:text=Katulampa%20Pun%20Banjir%20*%20Kawasan%20Puncak,Banyak%20Pohon%20Tumbang%20%E2%80%93%20Jelajah%20Kompas&text=Bendung%20Katulampa%2C%20Bogor%2C%20dilihat%20dari,informasi%20dini%20terhadap%20bahaya%20banjir."
Bekasi,2009/01/19,https://news.detik.com/berita/d-1070618/sekolah-bpk-penabur-harapan-indah-diliburkan
Bekasi,2009/01/17,https://www.liputan6.com/news/read/171550/jalan-penghubung-cikarang-bekasi-terputus
Jakarta Timur,2009/02/10,https://news.detik.com/berita/d-1082196/pintu-air-manggarai-siaga-iii
Jakarta Selatan,2009/02/10,https://news.detik.com/berita/d-1082196/pintu-air-manggarai-siaga-iii
Tangerang,2009/03/27,https://www.liputan6.com/news/read/175098/tanggul-situ-gintung-jebol-32-orang-tewas
Jakarta Selatan,2009/03/26,https://news.detik.com/berita/d-1105409/hujan-sebentar-kelurahan-wijaya-banjir-selutut
Jakarta Utara,2009/04/06,https://satelit.bmkg.go.id/BMKG/other/pdf/4.%20Format%20Laporan%20Monitoring%20Khusus.pdf
Jakarta Timur,2009/04/06,https://satelit.bmkg.go.id/BMKG/other/pdf/4.%20Format%20Laporan%20Monitoring%20Khusus.pdf
Jakarta Selatan,2009/04/06,https://satelit.bmkg.go.id/BMKG/other/pdf/4.%20Format%20Laporan%20Monitoring%20Khusus.pdf
Jakarta Barat,2010/01/19,https://news.detik.com/berita/d-1282509/ikan-bermulut-buaya-gegerkan-warga-cengkareng
Jakarta Timur,2010/01/07,https://www.liputan6.com/news/read/257854/hujan-turun-jakarta-macet-total
Jakarta Timur,2010/02/13,https://news.detik.com/berita/d-1298993/pria-mabuk-tewas-terseret-banjir-di-bukit-duri
Jakarta Timur,2010/02/18,https://lifestyle.kompas.com/image/2010/02/20/11353064/artikel-video-kgmedia-html
Jakarta Utara,2010/02/22,https://www.datatempo.co/foto/detail/P2302201000155/banjir-di-pltgu-muara-karang-jakarta
Bogor,2010/02/12,https://surabaya.kompas.com/image/2010/02/13/03095686/banjir-ancam-wilayah-jakarta
Bogor,2010/02/10,https://metro.tempo.co/read/225210/air-sungai-meluap-dua-desa-di-parung-panjang-tenggelam
Bogor,2010/02/11,https://metro.tempo.co/read/225210/air-sungai-meluap-dua-desa-di-parung-panjang-tenggelam
Tangerang,2010/02/10,https://megapolitan.okezone.com/read/2010/02/10/338/302149/tanggul-jebol-perumahan-villa-pamulang-terendam
Bekasi,2010/02/13,"https://news.detik.com/berita/d-1298731/banjir-di-perumahan-jatiasih-setinggi-pinggang-orang-dewasa#:~:text=Bekasi%20%2D%20Tanggul%20penahan%20banjir%20di,fasilitas%20Info%20Anda%20kepada%20detikcom."
Bekasi,2010/03/18,https://pusatkrisis.kemkes.go.id/perkembangan-banjir-di-kab--bekasi
Bekasi,2010/03/19,https://pusatkrisis.kemkes.go.id/perkembangan-banjir-di-kab--bekasi
Bekasi,2010/03/20,https://pusatkrisis.kemkes.go.id/perkembangan-banjir-di-kab--bekasi
Bekasi,2010/03/21,https://pusatkrisis.kemkes.go.id/perkembangan-banjir-di-kab--bekasi
Bekasi,2010/03/22,https://pusatkrisis.kemkes.go.id/perkembangan-banjir-di-kab--bekasi
Bekasi,2010/03/23,https://pusatkrisis.kemkes.go.id/perkembangan-banjir-di-kab--bekasi
Bekasi,2010/03/24,https://pusatkrisis.kemkes.go.id/perkembangan-banjir-di-kab--bekasi
Bekasi,2010/03/25,https://pusatkrisis.kemkes.go.id/perkembangan-banjir-di-kab--bekasi
Jakarta Timur,2010/06/29,https://news.detik.com/berita/d-1389669/kampung-rambutan-banjir-selutut
Tangerang,2010/06/30,https://news.detik.com/berita/d-1390022/banjir-cirendeu-bukan-buntut-jebolnya-situ-gintung
Jakarta Selatan,2010/08/17,https://news.detik.com/berita/d-1422116/tanggul-kali-pesanggrahan-jebol-kompleks-ikpn-banjir-2-meter
Tangerang,2010/08/17,https://seputarnusantara.com/?p=3334
Jakarta Selatan,2010/08/07,https://metro.tempo.co/read/269525/banjir-sempat-masuk-hero-kemang
Tangerang,2010/08/09,https://news.detik.com/berita/d-1416902/perumahan-taman-cibodas-tangerang-banjir
Tangerang,2010/08/29,https://www.jpnn.com/news/banjir-kembali-rendam-perumahan-cirendeu
Tangerang,2010/08/15,https://rmol.id/nusantara/read/2010/08/15/1235/banjir-jalur-serpong-cikokol-lumpuh
Bekasi,2010/09/22,https://www.antaranews.com/berita/221628/komplek-kejagung-bekasi-banjir
Jakarta Timur,2010/10/26,https://www.liputan6.com/news/read/303340/puloraya-dan-terowongan-cawang-terendam-banjir
Jakarta Timur,2010/10/15,http://apinamonggar.blogspot.com/2012/02/banjir-rendam-kampus-akpindo.html
Jakarta Pusat,2010/10/25,https://www.tribunnews.com/metropolitan/2010/10/25/ka-tanah-abang-serpong-dihentikan-akibat-banjir-di-stasiun-palmerah
Tangerang,2010/10/28,https://www.antaranews.com/berita/230729/jalan-akses-permata-bintaro-banjir
Bekasi,2010/10/30,https://x.com/TMCPoldaMetro/status/29172390945
Tangerang,2010/10/26,https://regional.kompas.com/image/2011/02/05/12240175/index-html?page=1
Bekasi,2010/10/13,https://web.facebook.com/Koran.Fesbuk/posts/dua-desa-di-cikarang-utara-terendam-banjir-ratusan-rumah-warga-di-dua-desa-di-ke/151027974939403/?locale=id_ID&_rdc=1&_rdr
Bekasi,2010/10/03,https://news.detik.com/berita/d-1454348/banjir-setinggi-dengkul-orang-dewasa-rendam-bekasi
Bogor,2010/11/27,https://news.detik.com/berita/d-1503855/hujan-deras-guyur-bogor-banjir-dan-macet-tak-terhindarkan
Jakarta Utara,2011/01/22,https://www.ampl.or.id/digilib/read/banjir-di-muara-baru-makin-tinggi/39200
Tangerang,2011/02/22,https://kabardebotas.blogspot.com/2011/02/sdn-serua-indah-banjir-salah-siapa.html
Jakarta Selatan,2011/05/05,https://news.detik.com/berita/d-1632894/banjir-sebetis-kendaraan-mogok-di-jalan-dr-supomo
Bekasi,2011/05/08,https://erte06.blogspot.com/2011/05/blok-f-di-pesona-anggrek-bekasi-banjir.html
Jakarta Selatan,2011/10/31,https://news.detik.com/berita/d-1756265/walhi-punya-48-situ-banjir-dki-tak-harus-terjadi
Jakarta Selatan,2011/11//01,https://bencana-kesehatan.net/index.php/13-berita/berita/667-kawasan-pondok-labu-kembali-banjir
Jakarta Timur,2011/11/15,https://news.detik.com/berita/d-1767887/warga-tuding-pembangunan-mal-di-pondok-bambu-sebabkan-banjir
Jakarta Utara,2011/11/26,https://www.liputan6.com/photo/read/578470/sejumlah-pengendara-motor-melintasi-jalan-yang-tergenang-banjir-rob-di-perumahan-mewah-pantai-mutiara-jakarta-utara-sabtu-2611-antara?page=1
Depok,2011/11/18,https://news.detik.com/berita/d-1770701/banjir-setinggi-90-cm-di-bukti-cimanggis-indah-lalin-tersendat
Bogor,2011/12/01,https://x.com/TMCPoldaMetro/status/142258956444778496
Jakarta Barat,2012/03/20,https://www.datatempo.co/foto/detail/P2003201200262/banjir-rob-di-sd-yayasan-pendidikan-esti-bakti-cengkareng
Jakarta Utara,2012/01/05,http://perpustakaan.menlhk.go.id/pustaka/images/docs/Rob%20Sudah%20Menerjang%20Jakarta%20Utara%20KLIPING%20JANUARI%202012-11.pdf
Jakarta Timur,2012/02/07,https://news.okezone.com/read/2012/02/27/500/583131/banjir-meter-listrik-di-kampung-melayu-belum-diputus
Jakarta Selatan,2012/03/13,https://republika.co.id/berita/m0t90e/waspadai-potensi-banjir-warga-jakarta-pantau-awan-hitam
Jakarta Timur,2012/02/28,https://otomotif.okezone.com/read/2012/02/28/437/583666/kampung-pulo-kembali-terendam-banjir
Tangerang,2012/01/17,https://www.antaranews.com/berita/293374/banjir-masih-rendam-lima-desa-di-tangerang
Tangerang,2012/01/14,https://news.detik.com/berita/d-1815975/sungai-cimanceri-meluap-perumahan-di-cikande-terendam-banjir
Tangerang,2012/02/11,https://x.com/RadioElshinta/status/168345903911010305
Bekasi,2012/01/05,https://www.youtube.com/watch?v=Ttmf396gZ38
Bekasi,2011/12/04,https://www.youtube.com/watch?v=BJEsAuPOdXI
Bekasi,2012/01/12,https://www.youtube.com/watch?v=AD7bmWmDMY4
Bekasi,2012/03/05,https://x.com/RadioElshinta/status/176695589633916929
Jakarta Barat,2012/02/20,https://news.detik.com/foto-news/d-1871981/sudah-sebulan-sekolah-ini-terendam/3
Jakarta Barat,2012/02/21,https://news.detik.com/foto-news/d-1871981/sudah-sebulan-sekolah-ini-terendam/3
Jakarta Barat,2012/02/22,https://news.detik.com/foto-news/d-1871981/sudah-sebulan-sekolah-ini-terendam/3
Jakarta Barat,2012/02/23,https://news.detik.com/foto-news/d-1871981/sudah-sebulan-sekolah-ini-terendam/3
Jakarta Barat,2012/02/24,https://news.detik.com/foto-news/d-1871981/sudah-sebulan-sekolah-ini-terendam/3
Jakarta Barat,2012/02/25,https://news.detik.com/foto-news/d-1871981/sudah-sebulan-sekolah-ini-terendam/3
Jakarta Barat,2012/02/26,https://news.detik.com/foto-news/d-1871981/sudah-sebulan-sekolah-ini-terendam/3
Jakarta Barat,2012/02/27,https://news.detik.com/foto-news/d-1871981/sudah-sebulan-sekolah-ini-terendam/3
Jakarta Barat,2012/02/28,https://news.detik.com/foto-news/d-1871981/sudah-sebulan-sekolah-ini-terendam/3
Jakarta Barat,2012/02/29,https://news.detik.com/foto-news/d-1871981/sudah-sebulan-sekolah-ini-terendam/3
Jakarta Barat,2012/03/01,https://news.detik.com/foto-news/d-1871981/sudah-sebulan-sekolah-ini-terendam/3
Jakarta Barat,2012/03/02,https://news.detik.com/foto-news/d-1871981/sudah-sebulan-sekolah-ini-terendam/3
Jakarta Barat,2012/03/03,https://news.detik.com/foto-news/d-1871981/sudah-sebulan-sekolah-ini-terendam/3
Jakarta Barat,2012/03/04,https://news.detik.com/foto-news/d-1871981/sudah-sebulan-sekolah-ini-terendam/3
Jakarta Barat,2012/03/05,https://news.detik.com/foto-news/d-1871981/sudah-sebulan-sekolah-ini-terendam/3
Jakarta Barat,2012/03/06,https://news.detik.com/foto-news/d-1871981/sudah-sebulan-sekolah-ini-terendam/3
Jakarta Barat,2012/03/07,https://news.detik.com/foto-news/d-1871981/sudah-sebulan-sekolah-ini-terendam/3
Jakarta Barat,2012/03/08,https://news.detik.com/foto-news/d-1871981/sudah-sebulan-sekolah-ini-terendam/3
Jakarta Barat,2012/03/09,https://news.detik.com/foto-news/d-1871981/sudah-sebulan-sekolah-ini-terendam/3
Jakarta Barat,2012/03/10,https://news.detik.com/foto-news/d-1871981/sudah-sebulan-sekolah-ini-terendam/3
Jakarta Barat,2012/03/11,https://news.detik.com/foto-news/d-1871981/sudah-sebulan-sekolah-ini-terendam/3
Jakarta Barat,2012/03/12,https://news.detik.com/foto-news/d-1871981/sudah-sebulan-sekolah-ini-terendam/3
Jakarta Barat,2012/03/13,https://news.detik.com/foto-news/d-1871981/sudah-sebulan-sekolah-ini-terendam/3
Jakarta Barat,2012/03/14,https://news.detik.com/foto-news/d-1871981/sudah-sebulan-sekolah-ini-terendam/3
Jakarta Barat,2012/03/15,https://news.detik.com/foto-news/d-1871981/sudah-sebulan-sekolah-ini-terendam/3
Jakarta Barat,2012/03/16,https://news.detik.com/foto-news/d-1871981/sudah-sebulan-sekolah-ini-terendam/3
Jakarta Barat,2012/03/17,https://news.detik.com/foto-news/d-1871981/sudah-sebulan-sekolah-ini-terendam/3
Jakarta Barat,2012/03/18,https://news.detik.com/foto-news/d-1871981/sudah-sebulan-sekolah-ini-terendam/3
Jakarta Barat,2012/03/19,https://news.detik.com/foto-news/d-1871981/sudah-sebulan-sekolah-ini-terendam/3
Jakarta Barat,2012/03/20,https://news.detik.com/foto-news/d-1871981/sudah-sebulan-sekolah-ini-terendam/3
Jakarta Utara,2012/01/07,https://metro.tempo.co/read/375859/rob-terjang-jakarta-utara-jalan-pun-tergenang
Jakarta Utara,2012/01/09,https://news.detik.com/foto-news/d-1810304/rob-masih-ancam-pesisir-jakarta/3
Tangerang,2012/01/19,https://www.youtube.com/watch?v=9TCJtYkm2H4
Tangerang,2012/01/12,https://www.youtube.com/watch?v=tKkSGK316e4
Tangerang,2012/01/17,https://www.tangerangnews.com/kabupaten-tangerang/read/6261/4364-Warga-Kresek-Masih-Terisolir
Bogor,2012/08/31,https://x.com/denison72/status/241480750136979456
Depok,2012/05/24,https://x.com/bondartabu/status/205710380675239937
Tangerang,2012/04/30,https://www.satelitnews.co.id/2012/05/02/hujan-datang-warga-duta-bintaro-selalu-dapat-limpahan-banjir-
Tangerang,2012/05/01,https://www.satelitnews.co.id/2012/05/02/hujan-datang-warga-duta-bintaro-selalu-dapat-limpahan-banjir-
Bekasi,2012/02/15,https://ummattv.id/post/mahasiswa-stai-attaqwa-bekasi-salurkan-donasi-bantuan-warga-korban-banjir
Bekasi,2012/05/26,https://x.com/yana86thea/status/206307675804418049
Jakarta Barat,2013/01/01,https://www.youtube.com/watch?v=a1bevxpRrdk
Jakarta Barat,2012/12/22,https://www.youtube.com/watch?v=pVoJCL94P8E
Jakarta Pusat,2012/12/22,https://metro.tempo.co/read/450390/cara-supaya-sudirman-thamrin-tak-banjir-lagi
Jakarta Timur,2012/11/25,https://news.detik.com/berita/d-2100497/sempat-tinggi-banjir-di-kampung-pulo-jaktim-sudah-mulai-surut
Jakarta Timur,2012/12/24,https://news.detik.com/berita/d-2125775/inilah-wilayah-dki-terdampak-banjir-kiriman-dari-bogor
Jakarta Selatan,2012/12/24,https://news.detik.com/berita/d-2125775/inilah-wilayah-dki-terdampak-banjir-kiriman-dari-bogor
Jakarta Timur,2012/12/21,https://www.tribunnews.com/images/regional/view/314292/banjir-di-kramat-jati
Jakarta Utara,2012/12/14,https://news.detik.com/berita/d-2119140/pasca-hujan-2-jam-semper-plumpang-banjir
Jakarta Utara,2012/11/27,https://metro.sindonews.com/berita/692159/31/jakarta-banjir-karena-resapan-air-kurang
Jakarta Utara,2012/11/30,https://www.merdeka.com/jakarta/hujan-jalan-enggano-tanjung-priok-digenangi-air-30-cm.html
Jakarta Utara,2012/12/22,https://beritajakartautara.blogspot.com/2012/12/kampung-rawa-gatel-terendam-banjir-3-jam.html
Jakarta Selatan,2012/11/22,https://news.detik.com/berita/d-2098803/banjir-landa-kompleks-ikpn-bintaro-rumah-dan-mobil-terendam
Jakarta Selatan,2012/11/19,https://nasional.kompas.com/image/2012/11/22/13105955/index.html
Jakarta Selatan,2012/11/23,https://www.merdeka.com/jakarta/kompleks-ikpn-bintaro-masih-terendam-banjir-15-meter.html
Jakarta Selatan,2012/12/22,https://www.antaranews.com/berita/349781/jalan-protokol-jakarta-digenangi-banjir
Jakarta Selatan,2012/10/22,https://news.republika.co.id/berita/mca8qo/air-banjir-menggenangi-sejumlah-rumah-di-kampung-melayu
Jakarta Pusat,2012/11/18,https://www.antarafoto.com/id/view/269603/banjir-jakarta
Jakarta Pusat,2012/12/22,https://www.youtube.com/watch?v=wTYdD_vPGQg
Jakarta Pusat,2012/11/19,https://news.detik.com/berita/d-2094297/atasi-banjir-di-jakarta-jokowi-dewa-saja-belum-tentu-bisa
Bogor,2012/12/25,https://www.youtube.com/watch?v=PezzKChas7o
Bogor,2012/12/23,https://news.detik.com/berita/d-2125775/inilah-wilayah-dki-terdampak-banjir-kiriman-dari-bogor
Depok,2012/12/03,https://www.youtube.com/watch?v=YRyqAmM_4f8
Depok,2012/12/24,https://www.youtube.com/watch?v=-VQXdIwCDmo
Depok,2012/12/23,https://news.republika.co.id/berita/mfkskq/banjir-rendam-5-lokasi-di-depok
Depok,2012/12/25,https://news.republika.co.id/berita/mfkskq/banjir-rendam-5-lokasi-di-depok
Depok,2012/11/13,https://www.tribunnews.com/metropolitan/2012/11/13/tanggul-jebol-perumahan-bukit-cengkeh-depok-terendam
Depok,2012/11/12,https://www.tribunnews.com/metropolitan/2012/11/13/tanggul-jebol-perumahan-bukit-cengkeh-depok-terendam
Depok,2012/11/11,https://www.tribunnews.com/metropolitan/2012/11/13/tanggul-jebol-perumahan-bukit-cengkeh-depok-terendam
Tangerang,2012/11/30,https://www.youtube.com/watch?v=SSzVMK_cmgI
Tangerang,2012/10/12,https://www.youtube.com/watch?v=HFO-KpIkczw
Tangerang,2012/12/10,https://www.tribunnews.com/regional/2012/12/11/pengembang-berkuasa-tangerang-selatan-makin-dikepung-banjir
Tangerang,2012/11/18,https://kabar6.com/banjir-di-cirendeu-permai-meningkat-tangsel-siaga-1/
Tangerang,2012/11/22,https://kabar6.com/banjir-di-cirendeu-permai-meningkat-tangsel-siaga-1/
Tangerang,2012/11/20,https://kabar6.com/warga-korban-banjir-desa-kohod-sambut-kehadiran-zaki-iskandar/
Bekasi,2012/11/30,https://www.merdeka.com/peristiwa/10-perumahan-di-bekasi-terendam-banjir.html
Bekasi,2012/12/01,https://www.kompasiana.com/arifhidayatku/551a1b7c813311597c9de240/banjir-menenggelamkan-komplek-dosen-ikip-jatibening-bekasi
Bekasi,2012/12/21,https://x.com/TMCPoldaMetro/status/282097739133763586
Jakarta Barat,2013/01/16,https://news.detik.com/berita/d-2144070/banjir-melanda-perumahan-elite-di-jakarta-barat-puluhan-mobil-terendam
Jakarta Barat,2013/01/17,https://www.antaranews.com/berita/353577/banjir-jakarta-telan-5-korban-jiwa
Jakarta Timur,2013/01/17,https://www.antaranews.com/berita/353577/banjir-jakarta-telan-5-korban-jiwa
Jakarta Selatan,2013/01/17,https://www.antaranews.com/berita/353577/banjir-jakarta-telan-5-korban-jiwa
Jakarta Barat,2013/01/19,https://www.bbc.com/indonesia/berita_indonesia/2013/01/130119_jakartafloods
Jakarta Selatan,2013/01/18,https://www.bbc.com/indonesia/berita_indonesia/2013/01/130119_jakartafloods
Jakarta Pusat,2013/01/18,https://www.bbc.com/indonesia/berita_indonesia/2013/01/130119_jakartafloods
Jakarta Utara,2013/01/18,https://www.bbc.com/indonesia/berita_indonesia/2013/01/130119_jakartafloods
Jakarta Pusat,2013/01/17,https://www.antaranews.com/berita/353575/rangkuman-penangangan-banjir-di-jakarta
Jakarta Barat,2013/01/18,https://web.facebook.com/DivHumasPolri/posts/akibat-banjir-kantor-satpas-sim-daan-mogot-dan-sim-keliling-tidak-beroperasi-ban/573266769368850/?locale=es_LA&_rdc=1&_rdr
Jakarta Pusat,2013/01/22,https://www.slideshare.net/slideshow/banjir-jakarta-januari-2013-16820651/16820651
Jakarta Timur,2013/01/19,https://www.slideshare.net/slideshow/banjir-jakarta-januari-2013-16820651/16820651
Bekasi,2013/01/18,https://www.slideshare.net/slideshow/banjir-jakarta-januari-2013-16820651/16820651
Jakarta Timur,2013/01/16,https://www.slideshare.net/slideshow/banjir-jakarta-januari-2013-16820651/16820651
Jakarta Selatan,2013/01/15,https://www.youtube.com/watch?v=9S4JKPBmvGI
Jakarta Utara,2013/01/19,https://www.slideshare.net/slideshow/banjir-jakarta-januari-2013-16820651/16820651
Jakarta Timur,2013/03/05,https://x.com/ACTforHumanity/status/308761661387444224
Jakarta Timur,2013/01/09,https://www.youtube.com/watch?v=V_FVBLLnKTY
Jakarta Utara,2013/01/20,https://www.antaranews.com/berita/354127/jakarta-utara-masih-terendam-banjir
Jakarta Utara,2013/01/25,https://www.youtube.com/watch?v=rnyna-TA8Lo
Jakarta Utara,2013/01/22,https://www.viva.co.id/ragam/fokus/384595-penyebab-banjir-di-pluit-paling-lama-surut
Jakarta Utara,2013/01/23,https://www.youtube.com/watch?v=vNxNvKo0Coo
Jakarta Utara,2013/01/17,https://www.youtube.com/watch?v=g9Crf7ns_0M
Jakarta Utara,2013/01/16,https://web.facebook.com/DivHumasPolri/photos/a.184838644878333/572163089479218/?type=3&_rdc=1&_rdr
Jakarta Utara,2013/01/21,https://ldii.or.id/ldii-bantu-korban-banjir-jakarta/
Jakarta Selatan,2013/01/16,https://news.detik.com/berita/d-2143679/rumah-kebanjiran-tidur-di-jembatan-penyeberangan-pun-jadi
Jakarta Pusat,2013/01/19,https://nasional.kontan.co.id/news/sudah-14-orang-meninggal-akibat-banjir-jakarta
Bogor,2013/01/18,https://news.detik.com/berita/d-2146005/kompleks-villa-nusa-indah-ii-gunung-putri-bogor-banjir-1-5-meter
Bogor,2013/03/04,https://x.com/polresbogorkota/status/308545463404077056
Jakarta Selatan,2013/03/05,https://www.datatempo.co/foto/detail/P0503201300165/sman-8-jakarta-terendam-banjir-di-bukit-duri
Depok,2013/02/13,https://www.youtube.com/watch?v=yknMDLoovK0
Depok,2013/02/12,https://www.youtube.com/watch?v=v1Ux0iogXn0
Depok,2013/03/05,https://www.antarafoto.com/id/view/300495/banjir-stasiun-depok-baru
Depok,2013/03/23,https://x.com/VIVAcoid/status/315443769816272896
Depok,2013/01/18,https://humasdepok.blogspot.com/2013/01/walikota-tinjau-lokasi-banjir-di.html
Tangerang,2013/01/18,https://news.detik.com/berita/d-2145818/perumahan-poris-gaga-tangerang-terendam-banjir
Tangerang,2013/01/15,https://x.com/Metro_TV/status/291199296760586240
Tangerang,2013/01/16,https://investor.id/national/52587/kota-tangerang-masih-terendam-banjir
Tangerang,2013/01/12,https://web.facebook.com/media/set/?set=a.519625741402246.118034.256838011014355&type=3&_rdc=1&_rdr
Tangerang,2013/01/13,https://www.datatempo.co/foto/detail/P1302201300467/banjir-di-perumahan-vila-dago-tol-tangerang
Tangerang,2013/01/17,https://news.detik.com/berita/d-2144918/banjir-di-mutiara-pluit-tangerang-2-meter
Tangerang,2013/01/22,https://www.antaranews.com/berita/354366/layar-tancap-hibur-anak-anak-korban-banjir
Tangerang,2013/01/10,https://nasional.kompas.com/image/2013/01/10/2337365/nan
Tangerang,2013/02/13,https://www.tribunnews.com/metropolitan/2013/02/13/tujuh-jam-warga-vila-dago-terendam-banjir
Tangerang,2013/01/24,https://www.youtube.com/watch?v=9Who4qNBGxk
Tangerang,2013/01/15,https://kabar6.com/smpn-5-tangsel-kebanjiran-siswa-terpaksa-diliburkan/
Tangerang,2013/03/25,https://www.tangerangnews.com/kota-tangerang/read/9503/Restoran-Istana-Nelayan-Pun-Terendam-Banjir
Tangerang,2013/01/25,https://bsn.go.id/main/berita/detail/4234/sni-peduli-salurkan-bantuan-untuk-korban-banjir-di-kecamatan-kresek-
Bekasi,2013/02/05,https://news.detik.com/berita/d-2161069/ini-dia-titik-banjir-di-bekasi-akibat-luapan-sungai-cikeas
Bekasi,2013/01/18,https://news.detik.com/berita/d-2146147/gawat-banjir-di-mega-bekasi-hypermall-nyaris-saingi-kalimalang
Bekasi,2013/01/04,https://investor.id/national/53931/11-perumahan-lokasi-banjir-terparah-di-bekasi
Bekasi,2013/01/19,https://www.senkom.or.id/2013/01/lumpur-tebal-di-rumah-warga-akibat.html
Bekasi,2013/01/16,https://news.republika.co.id/berita/mgphcx/banjir-rendam-mega-bekasi-hypermall
Bekasi,2013/01/17,https://www.merdeka.com/peristiwa/banjir-rendam-tpu-perwira-bekasi.html
Jakarta Barat,2013/04/19,https://news.detik.com/berita/d-2224818/banjir-selutut-2-sd-di-kembangan-utara-diliburkan
Jakarta Barat,2013/05/02,https://x.com/riezalfahmy/status/329738340096147457?lang=en
Jakarta Barat,2013/04/07,https://www.youtube.com/watch?v=nJXqyzHYEeI
Tangerang,2013/04/18,https://web.facebook.com/photo.php?fbid=10152764159295331&id=345623530330&set=a.10150162110965331&locale=id_ID&_rdc=1&_rdr
Jakarta Barat,2013/05/20,https://www.merdeka.com/jakarta/genangan-air-belum-surut-jalan-daan-mogot-macet-parah.html
Jakarta Pusat,2013/04/24,https://www.youtube.com/watch?v=gaD_l1P4wSQ
Jakarta Timur,2013/04/18,https://metro.sindonews.com/berita/739564/31/ratusan-rumah-di-jakarta-timur-terendam-banjir
Jakarta Timur,2013/05/02,https://news.detik.com/foto-news/d-2236175/kampung-pulo-kembali-terendam/1
Jakarta Timur,2013/05/01,https://www.liputan6.com/news/read/576390/kampung-pulo-banjir-3-meter-warga-pilih-bertahan
Jakarta Selatan,2013/04/05,https://www.merdeka.com/foto/peristiwa/172812/20130405150104-kelas-terendam-banjir-mts-negeri-13-diliburkan-001-mudasir.html
Jakarta Selatan,2013/05/01,https://news.republika.co.id/berita/mm5k28/warga-jakarta-lebih-takut-bogor-hujan
Jakarta Utara,2013/05/21,https://www.youtube.com/watch?v=B8tcUR5-nXM&t=0s
Jakarta Utara,2013/06/17,https://www.youtube.com/watch?v=kEM7KyFVqSU
Jakarta Utara,2013/06/07,https://news.detik.com/berita/d-2273664/cerita-warga-tentang-banjir-rob-terlama-di-pademangan-jakut
Jakarta Utara,2013/06/08,https://news.detik.com/berita/d-2273664/cerita-warga-tentang-banjir-rob-terlama-di-pademangan-jakut
Jakarta Utara,2013/06/09,https://news.detik.com/berita/d-2273664/cerita-warga-tentang-banjir-rob-terlama-di-pademangan-jakut
Jakarta Utara,2013/06/10,https://news.detik.com/berita/d-2273664/cerita-warga-tentang-banjir-rob-terlama-di-pademangan-jakut
Jakarta Utara,2013/06/11,https://news.detik.com/berita/d-2273664/cerita-warga-tentang-banjir-rob-terlama-di-pademangan-jakut
Jakarta Utara,2013/06/12,https://news.detik.com/berita/d-2273664/cerita-warga-tentang-banjir-rob-terlama-di-pademangan-jakut
Jakarta Utara,2013/06/13,https://news.detik.com/berita/d-2273664/cerita-warga-tentang-banjir-rob-terlama-di-pademangan-jakut
Jakarta Utara,2013/06/14,https://news.detik.com/berita/d-2273664/cerita-warga-tentang-banjir-rob-terlama-di-pademangan-jakut
Jakarta Utara,2013/06/15,https://news.detik.com/berita/d-2273664/cerita-warga-tentang-banjir-rob-terlama-di-pademangan-jakut
Jakarta Utara,2013/06/16,https://news.detik.com/berita/d-2273664/cerita-warga-tentang-banjir-rob-terlama-di-pademangan-jakut
Jakarta Utara,2013/06/17,https://news.detik.com/berita/d-2273664/cerita-warga-tentang-banjir-rob-terlama-di-pademangan-jakut
Jakarta Selatan,2013/05/02,https://news.detik.com/berita/d-2235875/banjir-di-poncol-jaya-jaksel-masih-80-cm-aktivitas-warga-terganggu
Jakarta Selatan,2013/04/25,https://www.tribunnews.com/images/regional/view/541501/banjir-di-underpass-casablanca
Jakarta Pusat,2013/05/19,https://www.tribunnews.com/images/regional/view/584392/banjir-di-bundaran-hi
Depok,2013/04/21,https://x.com/TMCPoldaMetro/status/325902528149602305
Depok,2013/04/10,https://www.youtube.com/watch?v=oalpd82psB8
Tangerang,2013/04/05,https://www.youtube.com/watch?v=kwkcbHZsV1M
Tangerang,2013/04/19,https://www.youtube.com/watch?v=LaoTolYqskQ
Tangerang,2013/05/21,https://x.com/TMCPoldaMetro/status/336739608077410304
Tangerang,2013/05/08,https://x.com/TMCPoldaMetro/status/331912810097438720
Tangerang,2013/06/15,https://web.facebook.com/TMCPoldaMetro/posts/1220-banjir-di-kawasan-industri-jatake-tangerang-httptcol7yus0roty-photoronnsyz/10152932452170331/?_rdc=1&_rdr
Tangerang,2013/04/17,https://palapanews.com/2013/04/17/atasi-banjir-di-reni-jaya-kali-cibenda-baru-dinormalisasi/banjir-perumahan-reni-jaya-ciputat-tangerang-selatan/
Bekasi,2013/05/21,https://www.youtube.com/watch?v=inisU-H7pgw
Bekasi,2013/05/01,https://www.youtube.com/watch?v=VbsFTw_z290
Bekasi,2013/04/18,https://x.com/Metro_TV/status/324858020246986753
Bekasi,2013/04/17,https://www.liputan6.com/news/read/564635/banjir-jati-asih-terbesar-dalam-5-tahun-terakhir?page=4
Jakarta Barat,2013/07/28,https://rmol.id/olahraga/read/2013/07/28/120070/hujan-reda-kawasan-roxy-terendam-banjir
Jakarta Barat,2013/07/22,https://web.facebook.com/TMCPoldaMetro/posts/0601-banjir-20-cm-di-dpn-central-park-jl-s-parman-jakbar-lalin-tersendat/10153062676125331/?locale=zh_CN&_rdc=1&_rdr
Jakarta Barat,2013/07/09,https://www.antarafoto.com/id/view/325893/tata-kota-jakarta
Jakarta Timur,2013/07/28,https://m.tribunnews.com/metropolitan/2013/07/28/hujan-2-jam-kawasan-utan-kayu-jaktim-tergenang
Jakarta Utara,2013/01/26,https://megapolitan.kompas.com/read/2013/07/25/1020280/Cerita.Jokowi.Ngerjain.Voorijder.Zig-zag
Jakarta Timur,2013/09/22,https://www.youtube.com/watch?v=WwC2r7hnBHw
Jakarta Timur,2013/07/22,https://www.youtube.com/watch?v=4ysVaaZI7nY
Jakarta Timur,2013/07/23,https://www.youtube.com/watch?v=sQI3ua4QgLc
Jakarta Timur,2013/07/28,https://www.tribunnews.com/metropolitan/2013/07/28/hujan-2-jam-kawasan-utan-kayu-jaktim-tergenang
Jakarta Timur,2013/08/03,https://www.liputan6.com/news/read/662749/bpbd-dki-banjir-dan-kebakaran-warnai-lebaran-di-jakarta
Jakarta Timur,2013/08/04,https://www.liputan6.com/news/read/662749/bpbd-dki-banjir-dan-kebakaran-warnai-lebaran-di-jakarta
Jakarta Selatan,2013/09/13,https://www.youtube.com/watch?v=4MZHUGdBfxc
Jakarta Selatan,2013/07/17,https://x.com/TMCPoldaMetro/status/357439479620964352
Jakarta Pusat,2013/07/28,https://news.detik.com/foto-news/d-2316643/diguyur-hujan-deras-percetakan-negara-dua-banjir/1
Bogor,2013/07/10,https://www.youtube.com/watch?v=Ic2fZ-K5Rxs
Depok,2013/07/22,https://www.youtube.com/watch?v=bwjkMJDSEUA
Bogor,2013/08/18,https://x.com/TMCPoldaMetro/status/369088074539487235
Depok,2013/08/08,https://x.com/restrodepok/status/365158749893177345
Depok,2013/08/07,https://news.detik.com/berita/d-2325681/tanggul-jebol-warga-taman-duta-depok-takbiran-di-tengah-banjir
Tangerang,2013/07/17,https://x.com/TMCPoldaMetro/status/357413926603993089?lang=en
Tangerang,2013/08/23,https://www.youtube.com/watch?v=bX1ARqmT2JU
Jakarta Timur,2013/12/16,https://www.youtube.com/watch?v=GJszcHXV_H8
Jakarta Timur,2013/12/17,https://www.youtube.com/watch?v=ZqPR-jIWDvo
Jakarta Timur,2013/11/15,https://www.youtube.com/watch?v=1E1KS6UshW4
Jakarta Timur,2013/12/06,https://www.youtube.com/watch?v=AUQhELKGUjI
Jakarta Timur,2013/12/07,https://news.detik.com/berita/d-2436275/sdn-07-08-duren-sawit-banjir-800-an-siswa-terpaksa-libur
Jakarta Timur,2013/12/08,https://news.detik.com/berita/d-2436275/sdn-07-08-duren-sawit-banjir-800-an-siswa-terpaksa-libur
Jakarta Timur,2013/12/09,https://news.detik.com/berita/d-2436275/sdn-07-08-duren-sawit-banjir-800-an-siswa-terpaksa-libur
Jakarta Timur,2013/11/13,https://www.youtube.com/watch?v=KcW41OUHEAk
Jakarta Utara,2013/10/19,https://www.youtube.com/watch?v=2-5cYJ3cMkI
Jakarta Utara,2013/11/20,https://www.youtube.com/watch?v=mxfxYHp6wlI
Jakarta Selatan,2013/11/15,https://www.youtube.com/watch?v=2EwbVyHexGI
Jakarta Selatan,2013/11/14,https://www.youtube.com/watch?v=vKgvLozEumo
Jakarta Selatan,2013/11/13,https://news.detik.com/berita/d-2411725/ulujami-direndam-banjir-3-meter-150-warga-diungsikan
Jakarta Selatan,2013/11/16,https://www.tribunnews.com/images/regional/view/892622/banjir-di-perumahan-penduduk-ulujami-jakarta
Jakarta Pusat,2013/12/12,https://www.youtube.com/watch?v=6sB40Nhk774
Jakarta Pusat,2013/11/17,https://megapolitan.kompas.com/image/2013/11/12/1409352/Basuki.Gara-gara.Pintu.Air.Tidak.Dibuka.Latuharhari.Jebol
Bogor,2013/11/28,https://www.youtube.com/watch?v=AtTW_M4otN0
Bogor,2013/11/15,https://megapolitan.antaranews.com/berita/6526/belasan-mobil-offroad-terseret-banjir-bandang-hambalang
Jakarta Timur,2013/11/12,https://www.tribunnews.com/metropolitan/2013/11/12/sungai-depan-pgc-meluap-80-rumah-di-cililitan-tergenang
Depok,2013/12/05,https://www.youtube.com/watch?v=OHxepRi4b-M
Depok,2013/11/12,https://www.youtube.com/watch?v=RQNOcWq6W68
Depok,2013/12/06,https://www.viva.co.id/berita/metro/464265-hingga-siang-ratusan-rumah-di-depok-masih-terendam-banjir
Depok,2013/12/08,https://www.liputan6.com/news/read/768681/video-diguyur-hujan-siang-ke-sore-perumahan-taman-duta-banjir
Depok,2013/12/09,https://www.liputan6.com/news/read/768681/video-diguyur-hujan-siang-ke-sore-perumahan-taman-duta-banjir
Tangerang,2013/11/13,https://www.youtube.com/watch?v=pSauoJPVo3U
Tangerang,2013/11/17,https://www.youtube.com/watch?v=UB5UQ8Sl1-4
Tangerang,2013/12/01,https://x.com/VIVAcoid/status/407124096825053184
Tangerang,2013/11/14,https://www.merdeka.com/peristiwa/turap-pondok-bahar-jebol-perumahan-di-tangerang-banjir.html
Tangerang,2013/12/05,https://www.detakbanten.com/today/miris-kantor-kelurahan-jelupang-jadi-bulan-bulanan-banjir
Tangerang,2013/12/19,https://web.facebook.com/124718080952174/photos/545768115513833/?_rdc=1&_rdr
Bekasi,2013/12/18,https://www.youtube.com/watch?v=3XsqKKzkoW0&itct=CAsQpDAYBCITCP3ztdXSzdMCFcWJqgodMpELfzIHcmVsYXRlZEjc6IXZ-MD1hdAB&gl=US&client=mv-google&hl=en
Bekasi,2013/12/14,https://www.youtube.com/watch?v=05O-J-QUnYE
Bekasi,2013/12/27,https://www.youtube.com/watch?v=BDOqYB9pQlQ
Bekasi,2013/10/28,https://x.com/TMCPoldaMetro/status/394767005737160705
Bekasi,2013/12/20,https://www.antaranews.com/berita/410647/kepadatan-penduduk-picu-banjir-kota-bekasi
Bekasi,2013/11/26,https://x.com/TMCPoldaMetro/status/405190402069626880
Bekasi,2013/12/26,https://ahmadsyaikhu.com/2013/12/26/wawalkot-instruksikan-langsung-penyedotan-air-banjir-underpass-duren-jaya/
Jakarta Barat,2014/01/08,https://www.youtube.com/watch?v=c-PMxWBqRa4
Jakarta Barat,2014/02/22,https://www.youtube.com/watch?v=PJMsIeflrYg
Jakarta Barat,2014/01/13,https://www.youtube.com/watch?v=QAWQ8vL-TSk
Jakarta Barat,2014/02/04,https://www.youtube.com/watch?v=JutADFUEEFI
Jakarta Barat,2014/01/20,https://news.detik.com/berita/d-2472641/banjir-150-cm-rendam-komplek-kft-cengkareng-listrik-dipadamkan
Jakarta Timur,2014/01/21,https://www.antaranews.com/berita/415160/banjir-sebabkan-22124-warga-sakit-di-jakarta
Jakarta Barat,2014/01/29,https://x.com/TMCPoldaMetro/status/428337085951385600
Jakarta Barat,2014/01/19,https://megapolitan.kompas.com/read/2014/01/19/1116447/Jakarta.Dikepung.Banjir.Galeri.Foto.dari.Twitterland.
Jakarta Barat,2014/01/14,https://x.com/TMCPoldaMetro/status/422943626289639425?lang=en
Jakarta Barat,2014/01/15,https://news.detik.com/berita/d-2471182/7-orang-meninggal-dan-10-ribu-mengungsi-karena-banjir-jakarta
Jakarta Barat,2014/01/16,https://news.detik.com/berita/d-2471182/7-orang-meninggal-dan-10-ribu-mengungsi-karena-banjir-jakarta
Jakarta Barat,2014/01/17,https://news.detik.com/berita/d-2471182/7-orang-meninggal-dan-10-ribu-mengungsi-karena-banjir-jakarta
Jakarta Timur,2014/01/29,https://www.youtube.com/watch?v=T99Z1siMYW4
Jakarta Timur,2014/01/13,https://www.youtube.com/watch?v=omydK2wP4sw
Jakarta Timur,2014/01/12,https://www.youtube.com/watch?v=UTD9BYtorrs
Jakarta Timur,2014/01/18,https://www.antaranews.com/berita/414642/banjir-belum-surut-di-kawasan-pulomas-jakarta-timur
Jakarta Selatan,2014/01/20,https://megapolitan.kompas.com/read/2014/01/21/1308343/Banjir.di.Jakarta.Sedikitnya.12.Orang.Meninggal
Jakarta Timur,2014/02/05,https://www.youtube.com/watch?v=2Z6E05r_hI0
Jakarta Timur,2014/01/14,https://news.detik.com/berita/d-2471182/7-orang-meninggal-dan-10-ribu-mengungsi-karena-banjir-jakarta
Jakarta Timur,2014/01/15,https://news.detik.com/berita/d-2471182/7-orang-meninggal-dan-10-ribu-mengungsi-karena-banjir-jakarta
Jakarta Timur,2014/01/16,https://news.detik.com/berita/d-2471182/7-orang-meninggal-dan-10-ribu-mengungsi-karena-banjir-jakarta
Jakarta Timur,2014/01/17,https://news.detik.com/berita/d-2471182/7-orang-meninggal-dan-10-ribu-mengungsi-karena-banjir-jakarta
Jakarta Utara,2014/01/17,https://www.youtube.com/watch?v=IKbjdbbDhyM
Jakarta Utara,2014/01/09,https://www.youtube.com/watch?v=d6CRaMwIBX0
Jakarta Utara,2014/01/19,https://www.antaranews.com/berita/414798/kelapa-gading-masih-terendam-banjir-80-cm
Jakarta Utara,2014/01/20,https://web.facebook.com/photo.php?fbid=785827891446069&id=117740101588188&set=a.184838644878333&locale=ka_GE&_rdc=1&_rdr
Jakarta Utara,2014/01/18,https://www.liputan6.com/news/read/803610/hujan-deras-banjir-di-depan-moi-kelapa-gading-makin-tinggi
Jakarta Utara,2014/02/26,https://wartakota.tribunnews.com/2014/02/27/foto-foto-banjir-di-pademangan-jakarta-utara
Jakarta Selatan,2014/01/13,https://www.youtube.com/watch?v=DlNlnDFpENE
Jakarta Selatan,2014/01/28,https://www.youtube.com/watch?v=4o9qOTVd35k
Jakarta Selatan,2014/01/29,https://www.youtube.com/watch?v=4o9qOTVd35k
Jakarta Selatan,2014/01/24,https://www.youtube.com/watch?v=uzPtaMWLwKM
Jakarta Selatan,2014/01/16,https://www.youtube.com/watch?v=9pJNP1Gj2bE
Jakarta Selatan,2014/01/18,https://news.detik.com/berita/d-2470889/banjir-di-rawajati-1-meter-air-masuk-rumah-warga
Jakarta Selatan,2014/02/22,https://news.detik.com/berita/d-2505469/air-kali-meluap-ciganjur-terendam-banjir
Jakarta Selatan,2014/01/19,https://www.satuharapan.com/read-detail/read/banjir-di-bukit-duri-jakarta-selatan-masih-tinggi
Jakarta Pusat,2014/01/18,https://www.youtube.com/watch?v=o5IaBLjCBpw
Jakarta Pusat,2014/01/22,https://www.youtube.com/watch?v=MIIPJtch-bc
Jakarta Pusat,2014/01/19,https://www.youtube.com/watch?v=NtSxVLOvMuI
Jakarta Pusat,2014/01/28,https://www.youtube.com/watch?v=7ENrFZJJHwI
Jakarta Pusat,2014/01/13,https://web.facebook.com/photo.php?fbid=505968496190116&id=135168633270106&set=a.151376768315959&locale=en_GB&_rdc=1&_rdr
Jakarta Utara,2014/01/13,https://web.facebook.com/photo.php?fbid=505968496190116&id=135168633270106&set=a.151376768315959&locale=en_GB&_rdc=1&_rdr
Jakarta Pusat,2014/01/11,https://www.bbc.com/indonesia/multimedia/2014/01/140113_galeri_banjir_jakarta
Jakarta Pusat,2014/01/29,https://x.com/TMCPoldaMetro/status/428387906638475264?lang=en
Jakarta Pusat,2014/01/23,https://news.detik.com/berita/d-2475551/18-titik-ruas-jalan-di-sawah-besar-masih-banjir-hingga-50-cm
Jakarta Pusat,2014/01/27,https://www.youtube.com/watch?v=pLWcp66y71U
Jakarta Pusat,2014/02/23,https://investor.id/national/78640/22-kelurahan-terendam-banjir-2639-warga-mengungsi
Jakarta Timur,2014/03/16,https://www.youtube.com/watch?v=5tqa9BfUztU
Bogor,2014/03/07,https://www.youtube.com/watch?v=88QiJAujy1Q
Bogor,2014/01/28,https://x.com/NTMCLantasPolri/status/427967602045235200
Bogor,2014/03/03,https://x.com/TMCPoldaMetro/status/440337128036118528
Bekasi,2014/02/03,https://news.detik.com/berita/d-2484995/hingga-pagi-ini-banjir-di-kompleks-dosen-ikip-tak-kunjung-surut/4
Depok,2014/01/21,https://www.youtube.com/watch?v=EP3bgS37Eng
Depok,2014/01/12,https://www.youtube.com/watch?v=hVSBNb9u-Jo
Depok,2014/01/29,https://www.youtube.com/watch?v=TfDeMdCBUnk
Depok,2014/02/23,https://www.youtube.com/watch?v=PYiuBTxIJVs
Depok,2014/01/21,https://www.youtube.com/watch?v=EP3bgS37Eng
Depok,2014/02/22,https://jakarta.bisnis.com/read/20140222/77/205262/ini-kawasan-banjir-di-depok-tangerang-bekasi-222
Tangerang,2014/02/22,https://jakarta.bisnis.com/read/20140222/77/205262/ini-kawasan-banjir-di-depok-tangerang-bekasi-222
Bekasi,2014/02/22,https://jakarta.bisnis.com/read/20140222/77/205262/ini-kawasan-banjir-di-depok-tangerang-bekasi-222
Depok,2014/01/19,https://x.com/TMCPoldaMetro/status/424640451811885056
Tangerang,2014/01/09,https://www.youtube.com/watch?v=Zgp6O9RNmVE
Tangerang,2014/02/24,https://www.youtube.com/watch?v=jFwZtHr3YeM
Tangerang,2014/01/27,https://www.youtube.com/watch?v=gE7TCTKcrOk
Tangerang,2014/01/28,https://www.youtube.com/watch?v=x25mgLB4zkw
Tangerang,2014/02/22,https://www.antaranews.com/berita/420463/sembilan-titik-banjir-di-kota-tangerang
Tangerang,2014/01/26,https://news.detik.com/berita/d-2478341/ratusan-rumah-di-pasar-kemis-tangerang-terendam-banjir
Tangerang,2014/01/13,https://www.antaranews.com/berita/413810/ini-daftar-perumahan-yang-kena-banjir-di-tangerang
Tangerang,2014/02/23,https://pasangmata.detik.com/contribution/8222
Tangerang,2014/01/29,https://x.com/tmcpoldametro/status/428358516189822976
Bekasi,2014/01/13,https://www.youtube.com/watch?v=khBn-fjJvPM
Bekasi,2014/01/29,https://www.youtube.com/watch?v=aEggKI7HWVI
Bekasi,2014/01/19,https://news.detik.com/berita/d-2471253/ini-10-perumahan-di-bekasi-yang-terendam-banjir
Bekasi,2014/01/18,https://news.detik.com/berita/d-2470894/bekasi-dikepung-banjir-ini-lokasinya/2
Jakarta Barat,2014/06/25,https://x.com/bpbdjakarta/status/481748914580619264?lang=en
Jakarta Barat,2014/05/10,https://m.beritajakarta.id/read/2111/banjir-di-tpu-kapuk-teko-mulai-menyusut
Jakarta Barat,2014/04/19,https://news.detik.com/berita/d-2559659/penampakan-banjir-di-depan-untar-setelah-hujan-deras
Jakarta Barat,2014/05/16,https://www.youtube.com/watch?v=AGXLVByHOEg
Jakarta Barat,2014/05/23,https://m.beritajakarta.id/read/2384/500-rumah-di-kedoya-selatan-kebanjiran
Jakarta Barat,2014/06/12,https://www.tribunnews.com/metropolitan/2014/06/12/akibat-hujan-deras-jakarta-banjir-lagi
Jakarta Barat,2014/04/23,https://www.liputan6.com/news/read/2040533/jakarta-hujan-air-tergenang-dan-papan-reklame-roboh
Jakarta Barat,2014/04/08,https://wartakota.tribunnews.com/2014/04/08/enam-tahun-jalan-peternakan-iii-cengkareng-tergenang
Jakarta Timur,2014/06/21,https://www.youtube.com/watch?v=Yx8PwE7dAks
Jakarta Timur,2014/06/13,https://www.youtube.com/watch?v=oplz6nHI3RY
Jakarta Timur,2014/05/23,https://m.beritajakarta.id/read/2380/1253-rumah-di-kampung-pulo-terendam-banjir
Jakarta Timur,2014/05/22,https://www.youtube.com/watch?v=gHy5Mttia9U%3Frel%3D0
Jakarta Selatan,2014/06/12,https://www.tribunnews.com/metropolitan/2014/06/12/akibat-hujan-deras-jakarta-banjir-lagi
Jakarta Selatan,2014/04/19,https://www.youtube.com/watch?v=xuuN9AFXV2Q
Jakarta Selatan,2014/06/25,https://x.com/tmcpoldametro/status/481742904663101440?lang=en
Jakarta Selatan,2014/05/23,https://news.detik.com/berita/d-2591110/jakarta-hujan-deras-jalan-gatot-subroto-dan-kuningan-tergenang
Jakarta Selatan,2014/04/25,https://wartakota.tribunnews.com/2014/04/25/moh-kahfi-1-rutin-tergenang-banjir
Jakarta Selatan,2014/05/15,https://www.suara.com/news/2014/05/15/200026/diguyur-hujan-jakarta-tergenang-air
Jakarta Selatan,2014/06/26,https://news.republika.co.id/berita/n7qqn0/ruas-jalan-pasar-cipulir-macet-parah-akibat-banjir
Jakarta Selatan,2014/04/19,https://news.detik.com/berita/d-2559633/hujan-disertai-angin-kencang-di-dki-ini-lokasi-pohon-tumbang-dan-genangan
Jakarta Barat,2014/04/19,https://news.detik.com/berita/d-2559633/hujan-disertai-angin-kencang-di-dki-ini-lokasi-pohon-tumbang-dan-genangan
Jakarta Timur,2014/04/19,https://news.detik.com/berita/d-2559633/hujan-disertai-angin-kencang-di-dki-ini-lokasi-pohon-tumbang-dan-genangan
Jakarta Utara,2014/04/19,https://news.detik.com/berita/d-2559633/hujan-disertai-angin-kencang-di-dki-ini-lokasi-pohon-tumbang-dan-genangan
Depok,2014/05/22,https://www.youtube.com/watch?v=w_GdCkkBBxo
Depok,2014/05/01,https://x.com/restrodepok/status/461758051305803776
Tangerang,2014/04/06,https://www.youtube.com/watch?v=w7_5L82l-_g
Tangerang,2014/04/20,https://pasangmata.detik.com/contribution/26819
Tangerang,2014/06/25,https://news.detik.com/berita/d-2619362/hujan-deras-banjir-genangi-sejumlah-wilayah-di-ciledug
Tangerang,2014/05/23,https://x.com/TMCPoldaMetro/status/469748861888520192
Tangerang,2014/04/14,https://ekonomi.kompas.com/read/2014/04/14/1706381/Banjir.di.Jalan.Serpong-Bintaro.Timbulkan.Kemacetan.Panjang
Tangerang,2014/06/26,https://palapanews.com/2014/06/26/kali-gebyuran-meluap-kota-tangerang-terendam/
Bekasi,2014/04/07,https://x.com/TMCPoldaMetro/status/453122247608111105
Bekasi,2014/04/04,https://x.com/tmcpoldametro/status/452056520944254976
Bekasi,2014/04/19,https://wartakota.tribunnews.com/2014/04/19/jalan-nusantara-raya-perumnas-3-bekasi-timur-langganan-banjir
Jakarta Barat,2014/07/27,https://www.youtube.com/watch?v=JHpED8i0Fs8
Jakarta Barat,2014/07/26,https://m.beritajakarta.id/read/3838/ratusan-rumah-di-kedoya-selatan-terendam-banjir
Jakarta Barat,2014/07/07,https://x.com/yamahaindonesia/status/486078117786550272
Jakarta Timur,2014/07/13,https://www.youtube.com/watch?v=tH9mmndnT1E
Jakarta Timur,2014/06/27,https://www.antaranews.com/berita/445990/banjir-di-kampung-pulo-mulai-surut
Jakarta Timur,2014/06/28,https://www.antaranews.com/berita/445990/banjir-di-kampung-pulo-mulai-surut
Jakarta Timur,2014/08/16,https://metro.sindonews.com/berita/892026/31/dahulu-kampung-pulo-banjir-hanya-semata-kaki
Jakarta Utara,2014/07/12,https://news.detik.com/berita/d-2635373/hujan-lebat-mangga-dua-tergenang
Jakarta Selatan,2014/08/12,https://www.youtube.com/watch?v=1PDEKgS5ZnA
Jakarta Selatan,2014/08/11,https://otomotif.kompas.com/read/2014/08/11/18422951/Sebagian.Jakarta.Selatan.Terendam.Banjir.Ini.Lokasinya
Jakarta Selatan,2014/07/28,https://wartakota.tribunnews.com/2014/07/29/lebaran-permukiman-cipete-selatan-terendam-banjir
Jakarta Selatan,2014/07/26,https://visual.republika.co.id/berita/n9bs3v/akibat-hujan-deras-jalan-pejaten-raya-tergenang-banjir-4
Jakarta Barat,2014/07/12,https://web.facebook.com/photo.php?fbid=10154380027450331&id=345623530330&set=a.10150162110965331&locale=nn_NO&_rdc=1&_rdr
Bogor,2014/08/25,https://www.youtube.com/watch?v=J1nvlH2RHO4
Jakarta Timur,2014/08/05,https://www.youtube.com/watch?v=fd4UyVcepn8
Bogor,2014/07/20,https://www.youtube.com/watch?v=UGlh8kKnciE
Bogor,2014/08/16,https://jakarta.bisnis.com/read/20140816/383/250386/banjir-bandang-2-tewas-di-bogor-ratusan-rumah-terendam-di-gorontalo
Bogor,2014/07/26,https://x.com/TMCPoldaMetro/status/493047853795655683
Depok,2014/08/16,https://www.youtube.com/watch?v=gr6y6rWqixg
Depok,2014/07/26,https://x.com/TMCPoldaMetro/status/492999291510599680
Depok,2014/07/22,https://news.okezone.com/read/2014/07/22/501/1016562/hujan-deras-jam-margonda-banjir
Tangerang,2014/07/05,https://www.merdeka.com/peristiwa/perumahan-ciledug-indah-1-dan-2-kembali-direndam-banjir.html
Tangerang,2014/07/06,https://www.youtube.com/watch?v=wTV69ero7HA
Jakarta Barat,2014/07/07,https://www.youtube.com/watch?v=4B1TnuF1Iqg
Tangerang,2014/07/17,https://x.com/tmcpoldametro/status/489700061933092864
Bekasi,2014/07/29,https://www.youtube.com/watch?v=GguZSRsLceI
Bekasi,2014/07/06,https://x.com/Evan_raka123/status/485732465428819968
Jakarta Barat,2014/12/27,https://x.com/bpbdjakarta/status/548721115170754561
Jakarta Timur,2014/12/27,https://www.youtube.com/watch?v=fsVPe9JE-Xc
Jakarta Timur,2014/11/20,https://www.youtube.com/watch?v=kxzZ9BF8Ok8
Jakarta Timur,2014/11/14,https://news.detik.com/berita/d-2748796/warga-kampung-pulo-tak-capek-bolak-balik-mengepel-banjir-sudah-biasa
Jakarta Timur,2014/12/26,https://x.com/tmcpoldametro/status/548385226422894592
Jakarta Selatan,2014/11/24,https://www.liputan6.com/news/read/2139154/ketinggian-banjir-di-petogogan-pulo-raya-mencapai-1-meter
Jakarta Selatan,2014/11/25,https://www.liputan6.com/news/read/2139154/ketinggian-banjir-di-petogogan-pulo-raya-mencapai-1-meter
Jakarta Utara,2014/12/28,https://www.youtube.com/watch?v=5TFo103izes
Jakarta Utara,2014/11/20,https://news.detik.com/berita/d-2753991/banjir-masih-genangi-jalan-depan-wtc-mangga-dua-lalin-macet
Jakarta Pusat,2014/02/22,https://megapolitan.kompas.com/read/2014/12/03/17455741/Tanah.Jenuh.Tantangan.Lain.soal.Banjir.Jakarta
Jakarta Utara,2014/12/21,https://news.detik.com/berita/d-2783632/banjir-rob-di-jalan-baru-ancol-selatan-mulai-surut
Jakarta Selatan,2014/11/20,https://news.detik.com/berita/d-2754314/tumpukan-sampah-di-ciliwung-saat-banjir-melanda-jalan-kalibata
Jakarta Selatan,2014/12/22,https://m.beritajakarta.id/read/7083/bukit-duri-terendam-banjir-10-150-sentimeter
Jakarta Selatan,2014/11/25,https://news.detik.com/berita/d-2757940/jalan-bango-di-pondok-labu-direndam-banjir-hingga-90-cm
Jakarta Pusat,2014/12/27,https://x.com/TMCPoldaMetro/status/548648431900565504
Jakarta Pusat,2014/11/20,https://pasangmata.detik.com/contribution/59332
Bogor,2014/11/24,https://x.com/TMCPoldaMetro/status/536851465671692288
Depok,2014/11/24,https://x.com/Metro_TV/status/536843760903012353
Depok,2014/11/22,https://www.liputan6.com/video/read/2137810/banjir-sempat-datangai-warga-depok
Jakarta Selatan,2014/11/19,https://www.merdeka.com/jakarta/sekolah-kebanjiran-siswa-sma-8-jakarta-dan-guru-foto-bersama.html
Tangerang,2014/12/27,https://x.com/TMCPoldaMetro/status/548641439664463872
Bekasi,2014/11/20,https://news.detik.com/berita/d-2753557/ini-sejumlah-titik-banjir-dan-genangan-air-di-jakarta-dan-bekasi/1
Bekasi,2014/11/21,https://www.youtube.com/watch?v=mNIvoAjwM9w
Bekasi,2014/11/24,https://x.com/TMCPoldaMetro/status/536824913617645568
